{
  "dependencies": {
    "appInsights1": {
      "type": "appInsights.sdk"
    },
    "storage1": {
      "type": "storage.emulator",
      "connectionId": "AzureWebJobsStorage"
    },
    "secrets1": {
      "type": "secrets.user"
    },
    "storage2": {
      "secretStore": "LocalSecretsFile",
      "resourceId": "/subscriptions/[parameters('subscriptionId')]/resourceGroups/[parameters('resourceGroupName')]/providers/Microsoft.Storage/storageAccounts/parthstorageaccounts",
      "type": "storage.azure",
      "connectionId": "ConnectionStr",
      "dynamicId": null
    }
  }
}